{
  "name": "ngDraggable",
  "main": "ngDraggable.js",
  "version": "0.1.10",
  "homepage": "https://github.com/fatlinesofcode/ngDraggable",
  "ignore": [
    "**/.*",
    "node_modules",
    "bower_components",
    "test",
    "tests"
  ],
  "dependencies": {
    "angular": "latest"
  },
  "_release": "0.1.10",
  "_resolution": {
    "type": "version",
    "tag": "0.1.10",
    "commit": "bf1c0648251ea98494ebb406e2aee10d41622d00"
  },
  "_source": "https://github.com/fatlinesofcode/ngDraggable.git",
  "_target": "^0.1.10",
  "_originalSource": "ngDraggable",
  "_direct": true
}