{
  "users": [
    {
      "username": "monika",
      "password": "Password@123",
      "tile": [
        {
          "tileName": "Recent",
          "channels": [
            "3101",
            "3102"
          ],
          "id": 1
        },
        {
          "tileName": "Active",
          "channels": [
            "3103"
          ],
          "id": 2
        },
        {
          "tileName": "Favorites",
          "channels": [
            "3101"
          ],
          "id": 3
        }
      ]
    },
    {
      "username": "Ezhil",
      "password": "Password@123",
      "tile": [
        {
          "tileName": "Recent",
          "channels": [
            "3104",
            "3102"
          ],
          "id": 1
        },
        {
          "tileName": "Active",
          "channels": [
            "3101"
          ],
          "id": 2
        },
        {
          "tileName": "Favorites",
          "channels": [
            "3103"
          ],
          "id": 3
        },
        {
          "tileName": "Recent",
          "channels": [
            "3104"
          ],
          "id": 4
        },
        {
          "tileName": "Recent",
          "channels": [
            "3101",
            "3103"
          ],
          "id": 5
        },
        {
          "tileName": "Recent",
          "channels": [
            "3101"
          ],
          "id": 6
        }
      ]
    }
  ],
  "projects": [
    {
      "id": 1,
      "projects": "Troupe",
      "projectDescription": "Mean stack Project",
      "titleBarColor": "",
      "accessToken": "d5b04a2e7d75cb9079a396713b947207e4c85ae4",
      "gitUserName": "deepak1610",
      "gitRepoName": "boot",
      "projectLogo": "",
      "noOfUsers": "7",
      "createdBy": "soumya",
      "creationTime": "10:05",
      "noOfChannels": "1",
      "users": [
        {
          "id": 1,
          "userName": "Krishna",
          "profilePic": ""
        },
        {
          "id": 2,
          "userName": "soumya",
          "profilePic": ""
        },
        {
          "id": 3,
          "userName": "Ezhil",
          "profilePic": ""
        },
        {
          "id": 4,
          "userName": "gaurav",
          "profilePic": ""
        },
        {
          "id": 5,
          "userName": "ashish",
          "profilePic": ""
        },
        {
          "id": 6,
          "userName": "monika",
          "profilePic": ""
        },
        {
          "id": 7,
          "userName": "sandhya",
          "profilePic": ""
        }
      ],
      "channels": [
        {
          "id": "1",
          "channelId": "3101",
          "channelName": "General",
          "createdBy": "",
          "createdWhen": "",
          "visiblity": "true",
          "noOfMessages": "",
          "noOfUsers": "20",
          "typeOfChannel": "",
          "users": [
            {
              "id": 1,
              "userName": "Krishna",
              "profilePic": ""
            },
            {
              "id": 2,
              "userName": "soumya",
              "profilePic": ""
            },
            {
              "id": 3,
              "userName": "Ezhil",
              "profilePic": ""
            }
          ]
        },
        {
          "id": "2",
          "channelId": "3102",
          "channelName": "technical",
          "createdBy": "",
          "createdWhen": "",
          "visiblity": "true",
          "noOfMessages": "",
          "noOfUsers": "20",
          "typeOfChannel": "",
          "users": [
            {
              "id": 1,
              "userName": "Krishna",
              "profilePic": ""
            },
            {
              "id": 2,
              "userName": "soumya",
              "profilePic": ""
            },
            {
              "id": 3,
              "userName": "Ezhil",
              "profilePic": ""
            }
          ]
        }
      ]
    },
    {
      "id": 2,
      "projectName": "portfolio",
      "projectDescription": "Mean stack project",
      "titleBarColor": "",
      "projectLogo": "",
      "accessToken": "4341e3dd6eb93cb265cbb1ad7a60aaf36f5432e8",
      "gitUserName": "deepak1610",
      "gitRepoName": "boot",
      "noOfUsers": "4",
      "createdBy": "",
      "creationTime": "",
      "noOfChannels": "1",
      "users": [
        {
          "id": 1,
          "userName": "Krishna",
          "profilePic": ""
        },
        {
          "id": 2,
          "userName": "soumya",
          "profilePic": ""
        },
        {
          "id": 3,
          "userName": "Ezhil",
          "profilePic": ""
        },
        {
          "id": 4,
          "userName": "gaurav",
          "profilePic": ""
        }
      ],
      "channels": [
        {
          "channelName": "ch-deepak"
        }
      ]
    },
    {
      "projectName": "dep-cts",
      "projectDescription": "a US based project",
      "id": 3,
      "accessToken": "4341e3dd6eb93cb265cbb1ad7a60aaf36f5432e8",
      "gitUserName": "deepak1610",
      "gitRepoName": "boot",
      "users": [
        {
          "email": "monika@singh.com",
          "userName": "s"
        }
      ],
      "channels": [
        {
          "channelName": "ddfgdg"
        }
      ]
    },
    {
      "projectName": "deepak",
      "projectDescription": "asdjkhashwe",
      "gitUserName": "deepak1610",
      "gitRepoName": "boot",
      "accessToken": "d5b04a2e7d75cb9079a396713b947207e4c85ae4",
      "id": 4,
      "users": [
        {
          "email": "deepakgovindb4u@gmail.com"
        }
      ],
      "channels": [
        {
          "channelName": "ch-deepak"
        }
      ]
    },
    {
      "projectName": "portfolio",
      "projectDescription": "sdjkfhsdkl",
      "gitUserName": "deepak1610",
      "gitRepoName": "boot",
      "accessToken": "7f3935f18dd89dc66a73ad99afac9c571105801a",
      "id": 5,
      "users": [
        {
          "email": "deepakgovindb4u@gmail.com"
        }
      ]
    },
    {
      "projectName": "deepak",
      "projectDescription": "dffdsfsd",
      "gitUserName": "deepak1610",
      "gitRepoName": "boot",
      "accessToken": "4341e3dd6eb93cb265cbb1ad7a60aaf36f5432e8",
      "id": 6,
      "users": [
        {
          "email": "deepakgovind1610@gmail.com"
        }
      ]
    },
    {
      "projectName": "ram",
      "projectDescription": "dsfsdf",
      "gitUserName": "deepak1610",
      "gitRepoName": "boot",
      "accessToken": "4341e3dd6eb93cb265cbb1ad7a60aaf36f5432e8",
      "id": 7,
      "users": [
        {
          "email": "deepakgovind1610@gmail.com"
        }
      ],
      "channels": [
        {
          "channelName": "ram-channel2"
        }
      ]
    }
  ],
  "message": [
    {
      "channelId": 3101,
      "projectId": 1,
      "time": "10:11",
      "date": "29/7/16",
      "user": "monika",
      "type": "text",
      "image": "koala.jpg",
      "content": "channel1-m1",
      "id": 9,
      "userAvatar": "koala.jpg"
    },
    {
      "channelId": 3102,
      "projectId": 1,
      "time": "10:12",
      "date": "29/7/16",
      "user": "monika",
      "type": "text",
      "userAvatar": "Koala.jpg",
      "content": "ch2 -m1",
      "id": 10
    },
    {
      "channelId": 3103,
      "projectId": 2,
      "time": "10:13",
      "date": "29/7/16",
      "user": "monika",
      "type": "text",
      "userAvatar": "Koala.jpg",
      "content": "ch-3 m1",
      "id": 11
    },
    {
      "channelId": 3103,
      "projectId": 2,
      "time": "10:13",
      "date": "29/7/16",
      "user": "soumya",
      "type": "text",
      "userAvatar": "Koala.jpg",
      "content": "hello troupe team we are in channel 3",
      "id": 11
    },
    {
      "channelId": 3104,
      "projectId": 2,
      "time": "10:14",
      "date": "29/7/16",
      "user": "monika",
      "type": "text",
      "userAvatar": "Koala.jpg",
      "content": "ch4 -m1",
      "id": 12
    },
    {
      "channelId": 3101,
      "projectId": 1,
      "time": "10:15",
      "date": "29/7/16",
      "user": "monika",
      "type": "text",
      "userAvatar": "Koala.jpg",
      "content": "ch1 -m2 ",
      "id": 13
    },
    {
      "channelId": 3102,
      "projectId": 1,
      "time": "10:16",
      "date": "29/7/16",
      "user": "monika",
      "type": "text",
      "userAvatar": "Koala.jpg",
      "content": "Lorem Ipsum is simply dummy text of the printing and typesetting industry. Lorem Ipsum has been the industry's standard dummy text ever since the 1500s, when an unknown printer took a galley of type and scrambled it to make a type specimen book. It has survived not only five centuries, but also the leap into electronic typesetting, remaining essentially unchanged. It was popularised in the 1960s with the release of Letraset sheets containing Lorem Ipsum passages, and more recently with desktop publishing software like Aldus PageMaker including versions of Lorem Ipsum.",
      "id": 14
    },
    {
      "channelId": 3103,
      "user": "ashish",
      "time": "12:35",
      "content": "hello hi bye",
      "date": "8/8/16",
      "userAvatar": "Koala.jpg",
      "id": 15
    },
    {
      "channelId": 3103,
      "user": "ashish",
      "time": "12:35",
      "content": "hello sandhya",
      "date": "8/8/16",
      "userAvatar": "Koala.jpg",
      "id": 16
    },
    {
      "channelId": 3103,
      "user": "ashish",
      "time": "12:35",
      "content": "hello i am in channel 3",
      "date": "8/8/16",
      "userAvatar": "Koala.jpg",
      "id": 17
    },
    {
      "channelId": 3103,
      "user": "ashish",
      "time": "12:35",
      "content": "a message from channel 3",
      "date": "8/8/16",
      "userAvatar": "Koala.jpg",
      "id": 18
    },
    {
      "channelId": 3103,
      "user": "ashish",
      "time": "12:35",
      "content": "hello",
      "date": "8/8/16",
      "userAvatar": "Koala.jpg",
      "id": 19
    },
    {
      "user": "Ezhil",
      "time": "11:28",
      "content": "hiiiiiii",
      "date": "8/23/2016",
      "userAvatar": "Koala.jpg",
      "id": 20
    },
    {
      "user": "Ezhil",
      "time": "11:29",
      "content": "deepak",
      "date": "8/23/2016",
      "userAvatar": "Koala.jpg",
      "id": 21
    },
    {
      "user": "Ezhil",
      "time": "11:30",
      "content": "ranj",
      "date": "8/23/2016",
      "userAvatar": "Koala.jpg",
      "id": 22
    },
    {
      "user": "Ezhil",
      "time": "11:30",
      "content": "/issue new issue",
      "date": "8/23/2016",
      "userAvatar": "Koala.jpg",
      "id": 23
    },
    {
      "user": "Ezhil",
      "time": "11:32",
      "content": "/issue hideepak",
      "date": "8/23/2016",
      "userAvatar": "Koala.jpg",
      "id": 24
    },
    {
      "user": "Ezhil",
      "time": "12:08",
      "content": "/issue hi hi hi",
      "date": "8/23/2016",
      "userAvatar": "Koala.jpg",
      "id": 25
    },
    {
      "user": "Ezhil",
      "time": "12:08",
      "content": "hi",
      "date": "8/23/2016",
      "userAvatar": "Koala.jpg",
      "id": 26
    },
    {
      "user": "Ezhil",
      "time": "12:9",
      "content": "/issue hi deepak",
      "date": "8/23/2016",
      "userAvatar": "Koala.jpg",
      "id": 27
    },
    {
      "user": "Ezhil",
      "time": "12:14",
      "content": "/issue world",
      "date": "8/23/2016",
      "userAvatar": "Koala.jpg",
      "id": 28
    },
    {
      "user": "Ezhil",
      "time": "12:24",
      "content": "",
      "date": "8/23/2016",
      "userAvatar": "Koala.jpg",
      "id": 29
    },
    {
      "user": "Ezhil",
      "time": "12:24",
      "content": "",
      "date": "8/23/2016",
      "userAvatar": "Koala.jpg",
      "id": 30
    },
    {
      "user": "Ezhil",
      "time": "12:24",
      "content": "hi",
      "date": "8/23/2016",
      "userAvatar": "Koala.jpg",
      "id": 31
    },
    {
      "user": "Ezhil",
      "time": "12:24",
      "content": "im hebsi",
      "date": "8/23/2016",
      "userAvatar": "Koala.jpg",
      "id": 32
    },
    {
      "user": "Ezhil",
      "time": "12:24",
      "content": "hello",
      "date": "8/23/2016",
      "userAvatar": "Koala.jpg",
      "id": 33
    },
    {
      "user": "Ezhil",
      "time": "12:36",
      "content": "/issue hi",
      "date": "8/23/2016",
      "userAvatar": "Koala.jpg",
      "id": 34
    },
    {
      "user": "Ezhil",
      "time": "12:40",
      "content": "/issue helllllo2025",
      "date": "8/23/2016",
      "userAvatar": "Koala.jpg",
      "id": 35
    },
    {
      "user": "Ezhil",
      "time": "13:05",
      "content": "/issue deepak",
      "date": "8/23/2016",
      "userAvatar": "Koala.jpg",
      "id": 36
    },
    {
      "channelId": 3102,
      "user": "Ezhil",
      "time": "13:06",
      "content": "deepak",
      "date": "8/23/2016",
      "userAvatar": "Koala.jpg",
      "id": 37
    },
    {
      "user": "Ezhil",
      "time": "14:53",
      "content": "hi",
      "date": "8/23/2016",
      "userAvatar": "Koala.jpg",
      "id": 38
    },
    {
      "user": "Ezhil",
      "time": "14:53",
      "content": "/issue hi",
      "date": "8/23/2016",
      "userAvatar": "Koala.jpg",
      "id": 39
    },
    {
      "user": "Ezhil",
      "time": "14:55",
      "content": "/issue hiii",
      "date": "8/23/2016",
      "userAvatar": "Koala.jpg",
      "id": 40
    },
    {
      "user": "Ezhil",
      "time": "14:57",
      "content": "/issue ji",
      "date": "8/23/2016",
      "userAvatar": "Koala.jpg",
      "id": 41
    },
    {
      "user": "Ezhil",
      "time": "14:58",
      "content": "/issue ji",
      "date": "8/23/2016",
      "userAvatar": "Koala.jpg",
      "id": 42
    },
    {
      "user": "Ezhil",
      "time": "14:58",
      "content": "/issue red",
      "date": "8/23/2016",
      "userAvatar": "Koala.jpg",
      "id": 43
    },
    {
      "user": "Ezhil",
      "time": "14:58",
      "content": "/issue white",
      "date": "8/23/2016",
      "userAvatar": "Koala.jpg",
      "id": 44
    },
    {
      "user": "Ezhil",
      "time": "15:01",
      "content": "/issue black",
      "date": "8/23/2016",
      "userAvatar": "Koala.jpg",
      "id": 45
    },
    {
      "time": "15:01",
      "content": "/issue blue",
      "date": "8/23/2016",
      "userAvatar": "Koala.jpg",
      "id": 46
    },
    {
      "user": "Ezhil",
      "time": "15:04",
      "content": "/issue ex",
      "date": "8/23/2016",
      "userAvatar": "Koala.jpg",
      "id": 47
    },
    {
      "user": "Ezhil",
      "time": "15:9",
      "content": "hi",
      "date": "8/23/2016",
      "userAvatar": "Koala.jpg",
      "id": 48
    },
    {
      "user": "Ezhil",
      "time": "15:10",
      "content": "/issue ram",
      "date": "8/23/2016",
      "userAvatar": "Koala.jpg",
      "id": 49
    },
    {
      "user": "Ezhil",
      "time": "15:10",
      "content": "An issue has been raised",
      "date": "8/23/2016",
      "userAvatar": "Koala.jpg",
      "id": 50
    },
    {
      "channelId": 3102,
      "user": "Ezhil",
      "time": "15:17",
      "content": "hai",
      "date": "8/23/2016",
      "userAvatar": "Koala.jpg",
      "id": 51
    },
    {
      "user": "Ezhil",
      "time": "15:43",
      "content": "An issue has been raised",
      "date": "8/23/2016",
      "userAvatar": "Koala.jpg",
      "id": 52
    },
    {
      "user": "Ezhil",
      "time": "16:14",
      "content": "hello hi",
      "date": "8/23/2016",
      "userAvatar": "Koala.jpg",
      "id": 53
    },
    {
      "user": "Ezhil",
      "time": "16:15",
      "content": "hellooo",
      "date": "8/23/2016",
      "userAvatar": "Koala.jpg",
      "id": 54
    },
    {
      "user": "Ezhil",
      "time": "16:16",
      "content": "eeee",
      "date": "8/23/2016",
      "userAvatar": "Koala.jpg",
      "id": 55
    },
    {
      "user": "Ezhil",
      "time": "16:16",
      "content": "sss",
      "date": "8/23/2016",
      "userAvatar": "Koala.jpg",
      "id": 56
    },
    {
      "user": "Ezhil",
      "time": "16:17",
      "content": "xxx",
      "date": "8/23/2016",
      "userAvatar": "Koala.jpg",
      "id": 57
    },
    {
      "user": "Ezhil",
      "time": "16:18",
      "content": "aaa",
      "date": "8/23/2016",
      "userAvatar": "Koala.jpg",
      "id": 58
    },
    {
      "user": "Ezhil",
      "time": "16:19",
      "content": "ccc",
      "date": "8/23/2016",
      "userAvatar": "Koala.jpg",
      "id": 59
    },
    {
      "user": "Ezhil",
      "time": "16:19",
      "content": "zzz",
      "date": "8/23/2016",
      "userAvatar": "Koala.jpg",
      "id": 60
    },
    {
      "user": "monika",
      "time": "16:24",
      "content": "hi",
      "date": "8/23/2016",
      "userAvatar": "Koala.jpg",
      "id": 61
    },
    {
      "channelId": 3103,
      "user": "Ezhil",
      "time": "17:02",
      "content": "An issue has been raised",
      "date": "8/23/2016",
      "userAvatar": "Koala.jpg",
      "id": 62
    },
    {
      "user": "Ezhil",
      "time": "17:07",
      "content": "hi",
      "date": "8/23/2016",
      "userAvatar": "Koala.jpg",
      "id": 63
    },
    {
      "user": "Ezhil",
      "time": "17:08",
      "content": "/issue hi",
      "date": "8/23/2016",
      "userAvatar": "Koala.jpg",
      "id": 64
    },
    {
      "user": "Ezhil",
      "time": "17:16",
      "content": "hi",
      "date": "8/23/2016",
      "userAvatar": "Koala.jpg",
      "id": 65
    },
    {
      "user": "Ezhil",
      "time": "17:16",
      "content": "hi",
      "date": "8/23/2016",
      "userAvatar": "Koala.jpg",
      "id": 66
    },
    {
      "time": "18:18",
      "content": "hello",
      "date": "8/23/2016",
      "userAvatar": "Koala.jpg",
      "id": 67
    },
    {
      "user": "Ezhil",
      "time": "18:41",
      "content": "hi",
      "date": "8/23/2016",
      "userAvatar": "Koala.jpg",
      "id": 68
    },
    {
      "user": "Ezhil",
      "time": "19:9",
      "content": "hai",
      "date": "8/23/2016",
      "userAvatar": "Koala.jpg",
      "id": 69
    },
    {
      "user": "Ezhil",
      "time": "19:10",
      "content": "some",
      "date": "8/23/2016",
      "userAvatar": "Koala.jpg",
      "id": 70
    },
    {
      "user": "Ezhil",
      "time": "20:14",
      "content": "An issue has been raised",
      "date": "8/23/2016",
      "userAvatar": "Koala.jpg",
      "id": 71
    },
    {
      "channelId": 3101,
      "user": "Ezhil",
      "time": "9:41",
      "content": "hi",
      "date": "8/24/2016",
      "userAvatar": "Koala.jpg",
      "id": 72
    },
    {
      "channelId": 3101,
      "user": "Ezhil",
      "time": "9:41",
      "content": "An issue has been raised",
      "date": "8/24/2016",
      "userAvatar": "Koala.jpg",
      "id": 73
    },
    {
      "user": "Ezhil",
      "time": "15:42",
      "content": "mm",
      "date": "8/25/2016",
      "userAvatar": "Koala.jpg",
      "id": 74
    },
    {
      "channelId": 3101,
      "user": "Ezhil",
      "time": "15:45",
      "content": "gfhdfg",
      "date": "8/25/2016",
      "userAvatar": "Koala.jpg",
      "github_user": "deepak1610",
      "github_repo": "boot",
      "github_token": "7f3935f18dd89dc66a73ad99afac9c571105801a",
      "id": 75
    },
    {
      "channelId": 3101,
      "user": "Ezhil",
      "time": "15:45",
      "content": "An issue has been raised",
      "date": "8/25/2016",
      "userAvatar": "Koala.jpg",
      "github_user": "deepak1610",
      "github_repo": "boot",
      "github_token": "7f3935f18dd89dc66a73ad99afac9c571105801a",
      "id": 76
    },
    {
      "channelId": 3103,
      "user": "Ezhil",
      "time": "15:47",
      "content": "jsdbfsdhf",
      "date": "8/25/2016",
      "userAvatar": "Koala.jpg",
      "github_user": "deepak1610",
      "github_repo": "boot",
      "github_token": "7f3935f18dd89dc66a73ad99afac9c571105801a",
      "id": 77
    },
    {
      "channelId": 3103,
      "user": "Ezhil",
      "time": "15:47",
      "content": "An issue has been raised",
      "date": "8/25/2016",
      "userAvatar": "Koala.jpg",
      "github_user": "deepak1610",
      "github_repo": "boot",
      "github_token": "7f3935f18dd89dc66a73ad99afac9c571105801a",
      "id": 78
    },
    {
      "channelId": 3104,
      "user": "Ezhil",
      "time": "15:47",
      "content": "xmvfndfjkgndr",
      "date": "8/25/2016",
      "userAvatar": "Koala.jpg",
      "github_user": "deepak1610",
      "github_repo": "boot",
      "github_token": "7f3935f18dd89dc66a73ad99afac9c571105801a",
      "id": 79
    },
    {
      "channelId": 3104,
      "user": "Ezhil",
      "time": "15:47",
      "content": "An issue has been raised",
      "date": "8/25/2016",
      "userAvatar": "Koala.jpg",
      "github_user": "deepak1610",
      "github_repo": "boot",
      "github_token": "7f3935f18dd89dc66a73ad99afac9c571105801a",
      "id": 80
    },
    {
      "channelId": 3101,
      "user": "Ezhil",
      "time": "15:48",
      "content": "ss",
      "date": "8/25/2016",
      "userAvatar": "Koala.jpg",
      "github_user": "deepak1610",
      "github_repo": "boot",
      "github_token": "7f3935f18dd89dc66a73ad99afac9c571105801a",
      "id": 81
    },
    {
      "channelId": 3101,
      "user": "Ezhil",
      "time": "15:48",
      "content": "An issue has been raised",
      "date": "8/25/2016",
      "userAvatar": "Koala.jpg",
      "github_user": "deepak1610",
      "github_repo": "boot",
      "github_token": "7f3935f18dd89dc66a73ad99afac9c571105801a",
      "id": 82
    },
    {
      "channelId": 3101,
      "user": "Ezhil",
      "time": "15:49",
      "content": "An issue has been raised",
      "date": "8/25/2016",
      "userAvatar": "Koala.jpg",
      "github_user": "deepak1610",
      "github_repo": "boot",
      "github_token": "7f3935f18dd89dc66a73ad99afac9c571105801a",
      "id": 83
    },
    {
      "channelId": 3103,
      "user": "Ezhil",
      "time": "15:49",
      "content": "ss",
      "date": "8/25/2016",
      "userAvatar": "Koala.jpg",
      "github_user": "deepak1610",
      "github_repo": "boot",
      "github_token": "7f3935f18dd89dc66a73ad99afac9c571105801a",
      "id": 84
    },
    {
      "channelId": 3103,
      "user": "Ezhil",
      "time": "15:49",
      "content": "An issue has been raised",
      "date": "8/25/2016",
      "userAvatar": "Koala.jpg",
      "github_user": "deepak1610",
      "github_repo": "boot",
      "github_token": "7f3935f18dd89dc66a73ad99afac9c571105801a",
      "id": 85
    },
    {
      "channelId": 3103,
      "user": "Ezhil",
      "time": "15:49",
      "content": "ss",
      "date": "8/25/2016",
      "userAvatar": "Koala.jpg",
      "github_user": "deepak1610",
      "github_repo": "boot",
      "github_token": "7f3935f18dd89dc66a73ad99afac9c571105801a",
      "id": 86
    },
    {
      "channelId": 3103,
      "user": "Ezhil",
      "time": "15:49",
      "content": "An issue has been raised",
      "date": "8/25/2016",
      "userAvatar": "Koala.jpg",
      "github_user": "deepak1610",
      "github_repo": "boot",
      "github_token": "7f3935f18dd89dc66a73ad99afac9c571105801a",
      "id": 87
    },
    {
      "channelId": 3102,
      "user": "Ezhil",
      "time": "15:50",
      "content": "df",
      "date": "8/25/2016",
      "userAvatar": "Koala.jpg",
      "github_user": "deepak1610",
      "github_repo": "boot",
      "github_token": "7f3935f18dd89dc66a73ad99afac9c571105801a",
      "id": 88
    },
    {
      "channelId": 3102,
      "user": "Ezhil",
      "time": "15:50",
      "content": "An issue has been raised",
      "date": "8/25/2016",
      "userAvatar": "Koala.jpg",
      "github_user": "deepak1610",
      "github_repo": "boot",
      "github_token": "7f3935f18dd89dc66a73ad99afac9c571105801a",
      "id": 89
    },
    {
      "channelId": 3101,
      "user": "Ezhil",
      "time": "15:50",
      "content": 12551,
      "date": "8/25/2016",
      "userAvatar": "Koala.jpg",
      "github_user": "deepak1610",
      "github_repo": "boot",
      "github_token": "7f3935f18dd89dc66a73ad99afac9c571105801a",
      "id": 90
    },
    {
      "channelId": 3101,
      "user": "Ezhil",
      "time": "15:50",
      "content": "An issue has been raised",
      "date": "8/25/2016",
      "userAvatar": "Koala.jpg",
      "github_user": "deepak1610",
      "github_repo": "boot",
      "github_token": "7f3935f18dd89dc66a73ad99afac9c571105801a",
      "id": 91
    },
    {
      "channelId": 3102,
      "user": "Ezhil",
      "time": "15:50",
      "content": 3,
      "date": "8/25/2016",
      "userAvatar": "Koala.jpg",
      "github_user": "deepak1610",
      "github_repo": "boot",
      "github_token": "7f3935f18dd89dc66a73ad99afac9c571105801a",
      "id": 92
    },
    {
      "channelId": 3102,
      "user": "Ezhil",
      "time": "15:50",
      "content": "An issue has been raised",
      "date": "8/25/2016",
      "userAvatar": "Koala.jpg",
      "github_user": "deepak1610",
      "github_repo": "boot",
      "github_token": "7f3935f18dd89dc66a73ad99afac9c571105801a",
      "id": 93
    },
    {
      "channelId": 3101,
      "user": "Ezhil",
      "time": "15:51",
      "content": "c",
      "date": "8/25/2016",
      "userAvatar": "Koala.jpg",
      "github_user": "deepak1610",
      "github_repo": "boot",
      "github_token": "7f3935f18dd89dc66a73ad99afac9c571105801a",
      "id": 94
    },
    {
      "channelId": 3101,
      "user": "Ezhil",
      "time": "15:51",
      "content": "An issue has been raised",
      "date": "8/25/2016",
      "userAvatar": "Koala.jpg",
      "github_user": "deepak1610",
      "github_repo": "boot",
      "github_token": "7f3935f18dd89dc66a73ad99afac9c571105801a",
      "id": 95
    },
    {
      "user": "Ezhil",
      "time": "15:54",
      "content": "zzz",
      "date": "8/25/2016",
      "userAvatar": "Koala.jpg",
      "id": 96
    },
    {
      "channelId": 3101,
      "user": "Ezhil",
      "time": "16:02",
      "content": "aaa",
      "date": "8/25/2016",
      "userAvatar": "Koala.jpg",
      "github_user": "deepak1610",
      "github_repo": "boot",
      "github_token": "7f3935f18dd89dc66a73ad99afac9c571105801a",
      "id": 97
    },
    {
      "channelId": 3101,
      "user": "Ezhil",
      "time": "16:02",
      "content": "An issue has been raised",
      "date": "8/25/2016",
      "userAvatar": "Koala.jpg",
      "github_user": "deepak1610",
      "github_repo": "boot",
      "github_token": "7f3935f18dd89dc66a73ad99afac9c571105801a",
      "id": 98
    },
    {
      "channelId": 3102,
      "user": "Ezhil",
      "time": "16:02",
      "content": 3,
      "date": "8/25/2016",
      "userAvatar": "Koala.jpg",
      "github_user": "deepak1610",
      "github_repo": "boot",
      "github_token": "7f3935f18dd89dc66a73ad99afac9c571105801a",
      "id": 99
    },
    {
      "channelId": 3102,
      "user": "Ezhil",
      "time": "16:02",
      "content": "An issue has been raised",
      "date": "8/25/2016",
      "userAvatar": "Koala.jpg",
      "github_user": "deepak1610",
      "github_repo": "boot",
      "github_token": "7f3935f18dd89dc66a73ad99afac9c571105801a",
      "id": 100
    },
    {
      "channelId": 3103,
      "user": "Ezhil",
      "time": "16:02",
      "content": 4,
      "date": "8/25/2016",
      "userAvatar": "Koala.jpg",
      "github_user": "deepak1610",
      "github_repo": "boot",
      "github_token": "7f3935f18dd89dc66a73ad99afac9c571105801a",
      "id": 101
    },
    {
      "channelId": 3103,
      "user": "Ezhil",
      "time": "16:03",
      "content": "An issue has been raised",
      "date": "8/25/2016",
      "userAvatar": "Koala.jpg",
      "github_user": "deepak1610",
      "github_repo": "boot",
      "github_token": "7f3935f18dd89dc66a73ad99afac9c571105801a",
      "id": 102
    },
    {
      "channelId": 3101,
      "user": "Ezhil",
      "time": "16:08",
      "content": "dhfd",
      "date": "8/25/2016",
      "userAvatar": "Koala.jpg",
      "github_user": "deepak1610",
      "github_repo": "boot",
      "github_token": "d5b04a2e7d75cb9079a396713b947207e4c85ae4",
      "id": 103
    },
    {
      "channelId": 3101,
      "user": "Ezhil",
      "time": "16:08",
      "content": "An issue has been raised",
      "date": "8/25/2016",
      "userAvatar": "Koala.jpg",
      "github_user": "deepak1610",
      "github_repo": "boot",
      "github_token": "d5b04a2e7d75cb9079a396713b947207e4c85ae4",
      "id": 104
    },
    {
      "channelId": 3102,
      "user": "Ezhil",
      "time": "16:11",
      "content": "l",
      "date": "8/25/2016",
      "userAvatar": "Koala.jpg",
      "github_user": "deepak1610",
      "github_repo": "boot",
      "github_token": "d5b04a2e7d75cb9079a396713b947207e4c85ae4",
      "id": 105
    },
    {
      "channelId": 3102,
      "user": "Ezhil",
      "time": "16:11",
      "content": "An issue has been raised",
      "date": "8/25/2016",
      "userAvatar": "Koala.jpg",
      "github_user": "deepak1610",
      "github_repo": "boot",
      "github_token": "d5b04a2e7d75cb9079a396713b947207e4c85ae4",
      "id": 106
    },
    {
      "channelId": 3101,
      "user": "Ezhil",
      "time": "16:12",
      "content": "An issue has been raised",
      "date": "8/25/2016",
      "userAvatar": "Koala.jpg",
      "github_user": "deepak1610",
      "github_repo": "boot",
      "github_token": "d5b04a2e7d75cb9079a396713b947207e4c85ae4",
      "id": 107
    },
    {
      "channelId": 3103,
      "user": "Ezhil",
      "time": "16:13",
      "content": "An issue has been raised",
      "date": "8/25/2016",
      "userAvatar": "Koala.jpg",
      "github_user": "deepak1610",
      "github_repo": "boot",
      "github_token": "d5b04a2e7d75cb9079a396713b947207e4c85ae4",
      "id": 108
    },
    {
      "channelId": 3102,
      "user": "Ezhil",
      "time": "16:14",
      "content": "An issue has been raised",
      "date": "8/25/2016",
      "userAvatar": "Koala.jpg",
      "github_user": "deepak1610",
      "github_repo": "boot",
      "github_token": "d5b04a2e7d75cb9079a396713b947207e4c85ae4",
      "id": 109
    },
    {
      "channelId": 3101,
      "user": "Ezhil",
      "time": "16:15",
      "content": "dfgdf",
      "date": "8/25/2016",
      "userAvatar": "Koala.jpg",
      "github_user": "deepak1610",
      "github_repo": "boot",
      "github_token": "d5b04a2e7d75cb9079a396713b947207e4c85ae4",
      "id": 110
    },
    {
      "channelId": 3101,
      "user": "Ezhil",
      "time": "16:15",
      "content": "An issue has been raised",
      "date": "8/25/2016",
      "userAvatar": "Koala.jpg",
      "github_user": "deepak1610",
      "github_repo": "boot",
      "github_token": "d5b04a2e7d75cb9079a396713b947207e4c85ae4",
      "id": 111
    },
    {
      "user": "Ezhil",
      "time": "11:52",
      "content": "hi",
      "date": "8/26/2016",
      "userAvatar": "Koala.jpg",
      "id": 112
    },
    {
      "channelId": 3103,
      "user": "Ezhil",
      "time": "12:33",
      "content": "s",
      "date": "8/26/2016",
      "userAvatar": "Koala.jpg",
      "id": 113
    },
    {
      "user": "Ezhil",
      "time": "12:34",
      "content": "d",
      "date": "8/26/2016",
      "userAvatar": "Koala.jpg",
      "id": 114
    },
    {
      "user": "Ezhil",
      "time": "12:34",
      "content": "dd",
      "date": "8/26/2016",
      "userAvatar": "Koala.jpg",
      "id": 115
    },
    {
      "user": "Ezhil",
      "time": "12:34",
      "content": "ddd",
      "date": "8/26/2016",
      "userAvatar": "Koala.jpg",
      "id": 116
    },
    {
      "user": "Ezhil",
      "time": "12:35",
      "content": "ddd",
      "date": "8/26/2016",
      "userAvatar": "Koala.jpg",
      "id": 117
    },
    {
      "user": "Ezhil",
      "time": "12:35",
      "content": "ccc",
      "date": "8/26/2016",
      "userAvatar": "Koala.jpg",
      "id": 118
    },
    {
      "user": "Ezhil",
      "time": "12:36",
      "content": "dddd",
      "date": "8/26/2016",
      "userAvatar": "Koala.jpg",
      "id": 119
    },
    {
      "user": "Ezhil",
      "time": "12:36",
      "content": "ddskjh",
      "date": "8/26/2016",
      "userAvatar": "Koala.jpg",
      "id": 120
    },
    {
      "user": "Ezhil",
      "time": "12:36",
      "content": "sdkjv",
      "date": "8/26/2016",
      "userAvatar": "Koala.jpg",
      "id": 121
    },
    {
      "channelId": 3103,
      "user": "Ezhil",
      "time": "12:36",
      "content": "sdss",
      "date": "8/26/2016",
      "userAvatar": "Koala.jpg",
      "id": 122
    },
    {
      "user": "Ezhil",
      "time": "15:55",
      "content": "aaa",
      "date": "8/26/2016",
      "userAvatar": "Koala.jpg",
      "id": 123
    },
    {
      "channelId": 3103,
      "user": "Ezhil",
      "time": "15:56",
      "content": "aaa",
      "date": "8/26/2016",
      "userAvatar": "Koala.jpg",
      "id": 124
    },
    {
      "user": "Ezhil",
      "time": "15:59",
      "content": "ddd",
      "date": "8/26/2016",
      "userAvatar": "Koala.jpg",
      "id": 125
    },
    {
      "channelId": 3101,
      "user": "Ezhil",
      "time": "16:00",
      "content": "cc",
      "date": "8/26/2016",
      "userAvatar": "Koala.jpg",
      "github_user": "deepak1610",
      "github_repo": "boot",
      "github_token": "d5b04a2e7d75cb9079a396713b947207e4c85ae4",
      "id": 126
    },
    {
      "channelId": 3101,
      "user": "Ezhil",
      "time": "16:00",
      "content": "An issue has been raised",
      "date": "8/26/2016",
      "userAvatar": "Koala.jpg",
      "github_user": "deepak1610",
      "github_repo": "boot",
      "github_token": "d5b04a2e7d75cb9079a396713b947207e4c85ae4",
      "id": 127
    },
    {
      "channelId": 3102,
      "user": "rajini mohan",
      "time": "16:00",
      "content": "vvv",
      "date": "8/26/2016",
      "userAvatar": "Koala.jpg",
      "github_user": "deepak1610",
      "github_repo": "boot",
      "github_token": "d5b04a2e7d75cb9079a396713b947207e4c85ae4",
      "id": 128
    },
    {
      "channelId": 3102,
      "user": "Ezhil",
      "time": "16:00",
      "content": "An issue has been raised",
      "date": "8/26/2016",
      "userAvatar": "Koala.jpg",
      "github_user": "deepak1610",
      "github_repo": "boot",
      "github_token": "d5b04a2e7d75cb9079a396713b947207e4c85ae4",
      "id": 129
    },
    {
      "channelId": 3101,
      "user": "Ezhil",
      "time": "16:00",
      "content": "File2.txt",
      "date": "8/26/2016",
      "userAvatar": "Koala.jpg",
      "github_user": "deepak1610",
      "github_repo": "boot",
      "github_token": "d5b04a2e7d75cb9079a396713b947207e4c85ae4",
      "id": 136
    },
    {
      "channelId": 3101,
      "user": "Ezhil",
      "time": "16:00",
      "content": "File2.txt",
      "date": "8/26/2016",
      "userAvatar": "Koala.jpg",
      "github_user": "deepak1610",
      "github_repo": "boot",
      "github_token": "d5b04a2e7d75cb9079a396713b947207e4c85ae4",
      "id": 137
    },
    {
      "channelId": 3101,
      "user": "Ezhil",
      "time": "16:00",
      "content": "rajani mohan",
      "date": "8/26/2016",
      "userAvatar": "Koala.jpg",
      "github_user": "deepak1610",
      "github_repo": "boot",
      "github_token": "d5b04a2e7d75cb9079a396713b947207e4c85ae4",
      "id": 141
    },
    {
      "channelId": 3101,
      "user": "Ezhil",
      "time": "16:00",
      "content": "rajini mohan",
      "date": "8/26/2016",
      "userAvatar": "Koala.jpg",
      "github_user": "deepak1610",
      "github_repo": "boot",
      "github_token": "d5b04a2e7d75cb9079a396713b947207e4c85ae4",
      "id": 142
    },
    {
      "channelId": 3101,
      "user": "Ezhil",
      "time": "16:00",
      "content": "file3.txt",
      "date": "8/26/2016",
      "userAvatar": "Koala.jpg",
      "github_user": "deepak1610",
      "github_repo": "boot",
      "github_token": "d5b04a2e7d75cb9079a396713b947207e4c85ae4",
      "id": 143
    },
    {
      "channelId": 3101,
      "user": "Ezhil",
      "time": "16:00",
      "content": "hai daa",
      "date": "8/26/2016",
      "userAvatar": "Koala.jpg",
      "github_user": "deepak1610",
      "github_repo": "boot",
      "github_token": "d5b04a2e7d75cb9079a396713b947207e4c85ae4",
      "type": "text",
      "id": 145
    },
    {
      "channelId": 3101,
      "user": "Ezhil",
      "time": "16:00",
      "content": "hai",
      "date": "8/26/2016",
      "userAvatar": "Koala.jpg",
      "github_user": "deepak1610",
      "github_repo": "boot",
      "github_token": "d5b04a2e7d75cb9079a396713b947207e4c85ae4",
      "type": "text",
      "id": 146
    },
    {
      "channelId": 3101,
      "user": "Ezhil",
      "time": "16:00",
      "content": "file3.txt",
      "date": "8/26/2016",
      "userAvatar": "Koala.jpg",
      "github_user": "deepak1610",
      "github_repo": "boot",
      "github_token": "d5b04a2e7d75cb9079a396713b947207e4c85ae4",
      "type": "snippet",
      "id": 148
    },
    {
      "channelId": 3101,
      "user": "Ezhil",
      "time": "16:00",
      "content": "how are u",
      "date": "8/26/2016",
      "userAvatar": "Koala.jpg",
      "github_user": "deepak1610",
      "github_repo": "boot",
      "github_token": "d5b04a2e7d75cb9079a396713b947207e4c85ae4",
      "type": "text",
      "id": 149
    },
    {
      "channelId": 3101,
      "user": "Ezhil",
      "time": "16:00",
      "content": "file2.txt",
      "date": "8/26/2016",
      "userAvatar": "Koala.jpg",
      "github_user": "deepak1610",
      "github_repo": "boot",
      "github_token": "d5b04a2e7d75cb9079a396713b947207e4c85ae4",
      "type": "snippet",
      "id": 150
    },
    {
      "channelId": 3101,
      "user": "Ezhil",
      "time": "16:00",
      "content": "raamg",
      "date": "8/26/2016",
      "userAvatar": "Koala.jpg",
      "github_user": "deepak1610",
      "github_repo": "boot",
      "github_token": "d5b04a2e7d75cb9079a396713b947207e4c85ae4",
      "type": "text",
      "id": 151
    },
    {
      "channelId": 3101,
      "user": "Ezhil",
      "time": "16:00",
      "content": "file1.txt",
      "date": "8/26/2016",
      "userAvatar": "Koala.jpg",
      "github_user": "deepak1610",
      "github_repo": "boot",
      "github_token": "d5b04a2e7d75cb9079a396713b947207e4c85ae4",
      "type": "snippet",
      "id": 152
    },
    {
      "user": "Ezhil",
      "time": "17:03",
      "content": "ss",
      "date": "8/29/2016",
      "userAvatar": "Koala.jpg",
      "id": 153
    },
    {
      "user": "Ezhil",
      "time": "17:03",
      "content": "dd",
      "date": "8/29/2016",
      "userAvatar": "Koala.jpg",
      "id": 154
    },
    {
      "user": "Ezhil",
      "time": "17:05",
      "content": "aaa",
      "date": "8/29/2016",
      "userAvatar": "Koala.jpg",
      "id": 155
    },
    {
      "user": "Ezhil",
      "time": "17:07",
      "content": "aaaaaaa",
      "date": "8/29/2016",
      "userAvatar": "Koala.jpg",
      "id": 156
    },
    {
      "user": "Ezhil",
      "time": "17:08",
      "content": "ddd",
      "date": "8/29/2016",
      "userAvatar": "Koala.jpg",
      "id": 157
    },
    {
      "user": "Ezhil",
      "time": "17:9",
      "content": "sss",
      "date": "8/29/2016",
      "userAvatar": "Koala.jpg",
      "id": 158
    },
    {
      "channelId": 3101,
      "user": "Ezhil",
      "time": "17:29",
      "content": "An issue has been raised",
      "date": "8/29/2016",
      "userAvatar": "Koala.jpg",
      "github_user": "deepak1610",
      "github_repo": "boot",
      "github_token": "d5b04a2e7d75cb9079a396713b947207e4c85ae4",
      "id": 159
    },
    {
      "user": "Ezhil",
      "time": "18:22",
      "content": "aa",
      "date": "8/29/2016",
      "userAvatar": "Koala.jpg",
      "id": 160
    },
    {
      "channelId": 3101,
      "user": "Ezhil",
      "time": "18:23",
      "content": "mmm",
      "date": "8/29/2016",
      "userAvatar": "Koala.jpg",
      "github_user": "deepak1610",
      "github_repo": "boot",
      "github_token": "d5b04a2e7d75cb9079a396713b947207e4c85ae4",
      "id": 161
    },
    {
      "channelId": 3101,
      "user": "Ezhil",
      "time": "18:23",
      "content": "An issue has been raised",
      "date": "8/29/2016",
      "userAvatar": "Koala.jpg",
      "github_user": "deepak1610",
      "github_repo": "boot",
      "github_token": "d5b04a2e7d75cb9079a396713b947207e4c85ae4",
      "id": 162
    },
    {
      "channelId": 3101,
      "user": "Ezhil",
      "time": "10:57",
      "content": "hai",
      "date": "8/30/2016",
      "userAvatar": "Koala.jpg",
      "github_user": "deepak1610",
      "github_repo": "boot",
      "github_token": "d5b04a2e7d75cb9079a396713b947207e4c85ae4",
      "id": 163
    },
    {
      "channelId": 3101,
      "user": "Ezhil",
      "time": "10:57",
      "content": "An issue has been raised",
      "date": "8/30/2016",
      "userAvatar": "Koala.jpg",
      "github_user": "deepak1610",
      "github_repo": "boot",
      "github_token": "d5b04a2e7d75cb9079a396713b947207e4c85ae4",
      "id": 164
    },
    {
      "user": "Ezhil",
      "time": "11:43",
      "content": "haiii",
      "date": "8/30/2016",
      "userAvatar": "Koala.jpg",
      "id": 165
    },
    {
      "channelId": 3101,
      "user": "Ezhil",
      "time": "13:34",
      "content": "hai",
      "date": "8/30/2016",
      "userAvatar": "Koala.jpg",
      "github_user": "deepak1610",
      "github_repo": "boot",
      "github_token": "d5b04a2e7d75cb9079a396713b947207e4c85ae4",
      "id": 166
    },
    {
      "user": "Ezhil",
      "time": "15:35",
      "content": "hi",
      "date": "8/30/2016",
      "userAvatar": "Koala.jpg",
      "id": 167
    },
    {
      "channelId": 3102,
      "user": "Ezhil",
      "time": "15:37",
      "content": "hi",
      "date": "8/30/2016",
      "userAvatar": "Koala.jpg",
      "github_user": "deepak1610",
      "github_repo": "boot",
      "github_token": "d5b04a2e7d75cb9079a396713b947207e4c85ae4",
      "id": 168
    },
    {
      "channelId": 3102,
      "user": "Ezhil",
      "time": "15:37",
      "content": "An issue has been raised",
      "date": "8/30/2016",
      "userAvatar": "Koala.jpg",
      "github_user": "deepak1610",
      "github_repo": "boot",
      "github_token": "d5b04a2e7d75cb9079a396713b947207e4c85ae4",
      "id": 169
    },
    {
      "channelId": 3102,
      "user": "Ezhil",
      "time": "15:37",
      "content": "hi",
      "date": "8/30/2016",
      "userAvatar": "Koala.jpg",
      "github_user": "deepak1610",
      "github_repo": "boot",
      "github_token": "d5b04a2e7d75cb9079a396713b947207e4c85ae4",
      "id": 170
    },
    {
      "channelId": 3101,
      "user": "Ezhil",
      "time": "15:37",
      "content": "hi",
      "date": "8/30/2016",
      "userAvatar": "Koala.jpg",
      "github_user": "deepak1610",
      "github_repo": "boot",
      "github_token": "d5b04a2e7d75cb9079a396713b947207e4c85ae4",
      "id": 171
    },
    {
      "channelId": 3101,
      "user": "Ezhil",
      "time": "15:37",
      "content": "An issue has been raised",
      "date": "8/30/2016",
      "userAvatar": "Koala.jpg",
      "github_user": "deepak1610",
      "github_repo": "boot",
      "github_token": "d5b04a2e7d75cb9079a396713b947207e4c85ae4",
      "id": 172
    },
    {
      "channelId": 3104,
      "user": "Ezhil",
      "time": "15:37",
      "content": "hi",
      "date": "8/30/2016",
      "userAvatar": "Koala.jpg",
      "github_user": "deepak1610",
      "github_repo": "boot",
      "github_token": "4341e3dd6eb93cb265cbb1ad7a60aaf36f5432e8",
      "id": 173
    },
    {
      "channelId": 3104,
      "user": "Ezhil",
      "time": "15:37",
      "content": "An issue has been raised",
      "date": "8/30/2016",
      "userAvatar": "Koala.jpg",
      "github_user": "deepak1610",
      "github_repo": "boot",
      "github_token": "4341e3dd6eb93cb265cbb1ad7a60aaf36f5432e8",
      "id": 174
    },
    {
      "channelId": 3101,
      "user": "Ezhil",
      "time": "15:37",
      "content": "hi",
      "date": "8/30/2016",
      "userAvatar": "Koala.jpg",
      "github_user": "deepak1610",
      "github_repo": "boot",
      "github_token": "d5b04a2e7d75cb9079a396713b947207e4c85ae4",
      "id": 175
    },
    {
      "channelId": 3101,
      "user": "Ezhil",
      "time": "15:38",
      "content": "An issue has been raised",
      "date": "8/30/2016",
      "userAvatar": "Koala.jpg",
      "github_user": "deepak1610",
      "github_repo": "boot",
      "github_token": "d5b04a2e7d75cb9079a396713b947207e4c85ae4",
      "id": 176
    },
    {
      "channelId": 3103,
      "user": "Ezhil",
      "time": "15:38",
      "content": "hi",
      "date": "8/30/2016",
      "userAvatar": "Koala.jpg",
      "github_user": "deepak1610",
      "github_repo": "boot",
      "github_token": "4341e3dd6eb93cb265cbb1ad7a60aaf36f5432e8",
      "id": 177
    },
    {
      "channelId": 3103,
      "user": "Ezhil",
      "time": "15:38",
      "content": "An issue has been raised",
      "date": "8/30/2016",
      "userAvatar": "Koala.jpg",
      "github_user": "deepak1610",
      "github_repo": "boot",
      "github_token": "4341e3dd6eb93cb265cbb1ad7a60aaf36f5432e8",
      "id": 178
    },
    {
      "channelId": 3104,
      "user": "Ezhil",
      "time": "15:39",
      "content": "An issue has been raised",
      "date": "8/30/2016",
      "userAvatar": "Koala.jpg",
      "github_user": "deepak1610",
      "github_repo": "boot",
      "github_token": "4341e3dd6eb93cb265cbb1ad7a60aaf36f5432e8",
      "id": 179
    },
    {
      "channelId": 3102,
      "user": "Ezhil",
      "time": "15:39",
      "content": "An issue has been raised",
      "date": "8/30/2016",
      "userAvatar": "Koala.jpg",
      "github_user": "deepak1610",
      "github_repo": "boot",
      "github_token": "d5b04a2e7d75cb9079a396713b947207e4c85ae4",
      "id": 180
    },
    {
      "channelId": 3103,
      "user": "Ezhil",
      "time": "15:39",
      "content": "An issue has been raised",
      "date": "8/30/2016",
      "userAvatar": "Koala.jpg",
      "github_user": "deepak1610",
      "github_repo": "boot",
      "github_token": "4341e3dd6eb93cb265cbb1ad7a60aaf36f5432e8",
      "id": 181
    },
    {
      "channelId": 3102,
      "user": "Ezhil",
      "time": "15:39",
      "content": "An issue has been raised",
      "date": "8/30/2016",
      "userAvatar": "Koala.jpg",
      "github_user": "deepak1610",
      "github_repo": "boot",
      "github_token": "d5b04a2e7d75cb9079a396713b947207e4c85ae4",
      "id": 182
    },
    {
      "channelId": 3104,
      "user": "Ezhil",
      "time": "15:39",
      "content": "An issue has been raised",
      "date": "8/30/2016",
      "userAvatar": "Koala.jpg",
      "github_user": "deepak1610",
      "github_repo": "boot",
      "github_token": "4341e3dd6eb93cb265cbb1ad7a60aaf36f5432e8",
      "id": 183
    },
    {
      "channelId": 3103,
      "user": "Ezhil",
      "time": "15:40",
      "content": "An issue has been raised",
      "date": "8/30/2016",
      "userAvatar": "Koala.jpg",
      "github_user": "deepak1610",
      "github_repo": "boot",
      "github_token": "4341e3dd6eb93cb265cbb1ad7a60aaf36f5432e8",
      "id": 184
    },
    {
      "channelId": 3102,
      "user": "Ezhil",
      "time": "15:40",
      "content": "An issue has been raised",
      "date": "8/30/2016",
      "userAvatar": "Koala.jpg",
      "github_user": "deepak1610",
      "github_repo": "boot",
      "github_token": "4341e3dd6eb93cb265cbb1ad7a60aaf36f5432e8",
      "id": 185
    }
  ],
  "tiles": [
    {
      "channelid": [
        3101
      ],
      "tileName": "Tile1",
      "row": 2,
      "column": 2,
      "colour": "Aquamarine",
      "id": 1
    },
    {
      "channelid": [
        3102
      ],
      "tileName": "Tile2",
      "row": 2,
      "column": 2,
      "colour": "Coral",
      "id": 2
    },
    {
      "channelid": [],
      "tileName": "Important stuff",
      "row": 3,
      "column": 3,
      "colour": "Khaki",
      "id": 7
    },
    {
      "channelid": [],
      "tileName": "Ramghassan",
      "row": 3,
      "column": 3,
      "colour": "Aqua",
      "id": 8
    },
    {
      "channelid": [],
      "tileName": "Ramghassan",
      "row": 3,
      "column": 3,
      "colour": "Aqua",
      "id": 9
    },
    {
      "channelid": [],
      "tileName": "hello",
      "row": 2,
      "column": 3,
      "colour": "Yellow",
      "id": 10
    },
    {
      "channelid": [],
      "tileName": "hepsi",
      "row": 3,
      "column": 3,
      "colour": "Aqua",
      "id": 11
    }
  ],
  "channelMsg": [
    {
      "channelid": 101,
      "msg": [
        "ram",
        "hassan",
        "vikky"
      ]
    },
    {
      "channelid": 102,
      "msg": [
        "ram1",
        "hassan1",
        "vikky1"
      ]
    },
    {
      "channelid": 103,
      "msg": [
        "ram2",
        "hassan2",
        "vikky2"
      ]
    },
    {
      "channelid": 104,
      "msg": [
        "ram3",
        "hassan3",
        "vikky3"
      ]
    },
    {
      "channelid": 105,
      "msg": [
        "ranjani",
        "murugan",
        "mohan"
      ]
    },
    {
      "channelid": 106,
      "msg": [
        "ram3",
        "hassan3",
        "deepak"
      ]
    }
  ],
  "channelsdrop": [
    {
      "id": 1,
      "channelName": "General",
      "channelId": "3101"
    },
    {
      "id": 2,
      "channelName": "technical",
      "channelId": "3102"
    },
    {
      "id": 3,
      "channelName": "portfolio",
      "channelId": "3103"
    },
    {
      "id": 4,
      "channelName": "Random",
      "channelId": "3104"
    }
  ]
}
